isForked,isTopContributor,repo_id,dev_id
False,True,0,0
False,True,1,0
False,True,2,0
False,True,3,0
True,,4,2
True,,5,2
False,True,6,3
False,True,7,3
False,True,8,3
False,True,9,3
False,True,10,3
False,True,11,3
False,True,12,4
False,True,13,4
False,True,14,4
False,True,15,7
False,True,16,7
False,True,17,8
False,True,18,8
False,True,19,8
False,True,20,8
False,True,21,8
False,True,22,8
True,False,23,9
True,True,24,9
True,,25,9
False,True,26,10
False,True,27,10
False,True,28,11
False,True,29,11
False,True,30,11
False,True,31,11
False,True,32,11
False,True,33,12
False,True,34,12
False,True,35,12
False,True,36,12
False,True,37,12
False,True,38,13
False,True,39,13
False,True,40,13
False,True,41,13
False,True,42,13
False,True,43,13
False,True,44,14
False,True,45,14
False,True,46,14
False,True,47,14
False,True,48,14
False,True,49,14
False,True,50,15
False,True,51,15
False,True,52,15
True,True,53,15
False,True,54,16
False,True,55,17
True,True,56,17
False,True,57,17
False,True,58,17
False,True,59,18
False,True,60,18
False,True,61,18
True,False,62,18
False,True,63,19
False,False,64,19
False,True,65,19
True,True,66,20
True,True,67,20
True,True,68,20
False,True,69,20
True,True,70,20
False,True,71,21
False,True,72,22
False,True,73,22
False,True,74,22
False,True,75,22
False,True,76,23
False,True,77,23
False,True,78,23
False,True,79,23
False,True,80,23
False,True,81,23
False,True,82,25
False,True,83,25
False,True,84,25
False,True,85,25
False,True,86,25
False,True,87,26
False,True,88,27
False,True,89,27
False,True,90,27
False,True,91,27
False,True,92,27
False,True,93,27
False,True,94,28
False,True,95,28
False,True,96,28
False,True,97,28
False,True,98,28
False,True,99,29
False,True,100,29
False,True,101,29
False,True,102,29
False,True,103,32
False,True,104,32
False,True,105,32
False,True,106,32
False,True,107,32
False,True,108,32
False,True,109,33
True,True,110,36
False,True,111,36
False,True,112,37
False,True,113,37
False,True,114,37
True,True,115,38
True,,116,38
False,True,117,38
False,True,118,40
False,True,119,40
False,True,120,40
False,True,121,40
False,True,122,40
True,True,123,41
False,True,124,42
False,True,125,42
False,True,126,44
False,True,127,44
False,True,128,44
False,True,129,44
False,True,130,45
False,True,131,45
False,True,132,45
False,True,133,45
False,True,134,45
False,True,135,45
False,True,136,46
False,True,137,49
False,True,138,50
True,False,139,50
True,True,140,50
False,True,141,50
False,True,142,51
False,True,143,51
False,True,144,51
False,True,145,51
False,True,146,51
False,True,147,51
False,True,148,52
False,True,149,52
False,True,150,52
False,True,151,52
False,True,152,52
False,True,153,53
False,True,154,53
False,True,155,53
False,True,156,53
False,True,157,54
False,True,158,54
False,True,159,54
False,True,160,54
False,True,161,54
False,True,162,55
False,True,163,55
False,True,164,55
False,True,165,56
False,True,166,56
False,True,167,56
False,True,168,56
False,True,169,56
False,True,170,57
False,True,171,57
False,True,172,57
False,True,173,57
False,True,174,57
False,True,175,57
False,True,176,58
False,True,177,58
False,True,178,58
False,True,179,59
False,True,180,59
False,True,181,59
False,True,182,59
False,True,183,59
False,True,184,59
False,True,185,61
False,True,186,61
False,True,187,61
False,True,188,61
False,True,189,61
False,True,190,61
True,True,191,62
False,True,192,62
True,False,193,63
False,True,194,65
False,True,195,65
False,True,196,65
False,True,197,65
False,True,198,66
True,True,199,67
False,True,200,67
False,True,201,67
False,True,202,67
False,True,203,67
False,True,204,68
False,True,205,68
False,True,206,69
True,False,207,69
False,True,208,70
False,True,209,70
False,True,210,70
False,True,211,70
False,True,212,70
False,True,213,70
False,True,214,71
True,True,215,71
True,False,62,71
False,True,216,71
True,True,217,71
True,False,218,71
False,True,219,72
False,True,220,72
False,True,221,72
False,True,222,73
False,True,223,75
False,True,224,75
False,True,225,75
True,True,226,76
True,True,227,76
True,True,228,76
True,False,229,76
True,False,230,77
True,True,231,77
True,False,232,77
True,True,233,77
True,True,234,77
False,True,235,78
True,False,206,78
False,True,236,79
False,True,237,79
False,True,238,79
False,True,239,79
False,True,240,79
False,True,241,79
False,True,242,80
False,True,243,80
False,True,244,80
False,True,245,80
False,True,246,80
False,True,247,81
False,True,248,81
False,True,249,81
False,True,250,81
False,True,251,81
False,True,252,81
False,True,253,82
False,True,254,82
False,True,255,82
False,True,256,82
False,True,257,82
False,True,258,83
False,True,259,84
False,True,260,84
False,True,261,84
False,True,262,84
False,True,263,84
False,True,264,85
False,True,265,85
False,True,266,85
False,True,267,86
False,True,268,86
False,True,269,86
False,True,270,87
False,True,271,87
False,True,272,87
False,True,273,88
False,True,274,88
False,True,275,88
False,True,276,88
False,True,277,88
False,True,278,88
True,True,279,89
False,True,280,90
False,True,281,90
True,True,282,92
False,True,283,92
False,True,284,92
False,True,285,93
False,True,286,94
False,True,287,94
False,True,288,94
False,True,289,94
False,True,290,94
False,True,291,94
False,True,292,95
False,True,293,95
False,True,294,95
False,True,295,95
False,True,296,96
False,True,297,96
False,True,298,97
False,True,299,98
False,True,300,98
False,True,301,98
False,True,302,99
False,False,303,99
True,False,304,99
False,False,305,99
False,False,306,99
False,True,307,99
True,False,308,100
False,True,309,101
False,True,310,101
True,True,311,101
False,True,312,101
False,True,313,102
False,True,314,102
False,True,315,102
False,True,316,103
False,True,317,103
False,True,318,103
False,True,319,103
False,True,320,103
True,True,321,104
False,True,322,104
False,True,323,106
False,True,324,107
False,True,325,107
False,True,326,107
False,True,327,107
False,True,328,107
False,True,329,107
False,True,330,108
False,True,331,109
False,True,332,109
False,True,333,109
False,True,334,110
False,True,335,110
False,True,336,110
False,True,337,110
False,True,338,110
False,True,339,111
False,True,340,111
False,True,341,111
False,True,342,112
False,True,343,112
False,True,344,112
False,True,345,112
False,True,346,112
False,True,347,113
True,True,348,113
False,True,349,113
False,True,350,113
False,True,351,115
False,True,352,115
False,True,353,115
False,True,354,115
False,True,355,115
False,False,356,116
False,True,357,116
False,True,358,116
False,True,359,116
True,True,360,116
False,True,361,117
False,True,362,117
False,True,363,117
False,True,364,117
False,True,365,117
False,True,366,117
False,True,367,118
False,True,368,118
False,True,369,118
False,True,370,118
False,True,371,119
False,True,372,119
False,True,373,120
False,True,374,120
False,True,375,120
False,True,376,120
False,True,377,120
False,True,378,121
False,True,218,122
True,False,379,123
True,True,380,123
False,True,381,124
False,True,382,124
False,True,383,125
False,True,384,125
False,True,385,125
False,True,386,125
False,True,387,125
False,True,388,126
False,True,389,126
False,True,390,127
False,True,391,128
False,True,392,128
False,True,393,128
False,True,394,128
False,True,395,128
False,True,396,129
False,True,397,129
False,True,398,129
False,True,399,130
False,True,400,130
False,True,401,130
False,True,402,131
False,True,403,131
False,True,404,132
False,True,405,132
False,True,406,132
False,True,407,132
False,True,408,132
False,True,409,132
False,True,410,133
False,True,411,133
False,True,412,133
False,True,413,133
True,True,414,134
False,True,415,134
False,True,416,134
False,True,417,134
False,True,418,134
False,True,419,135
False,True,420,135
True,True,421,136
False,True,422,136
False,True,423,136
False,True,424,136
False,True,425,136
False,True,426,136
True,,427,137
False,True,428,138
False,True,429,138
False,True,430,138
False,True,431,138
False,True,432,139
False,True,433,139
False,True,434,139
False,True,435,139
False,True,436,140
False,True,437,140
False,True,438,141
False,True,439,141
False,True,440,141
False,True,441,141
False,True,442,141
False,True,443,141
False,True,444,142
False,True,445,142
False,True,446,142
False,True,447,142
False,True,448,142
False,True,449,143
False,True,450,143
False,True,451,143
True,False,452,143
True,False,453,143
False,True,454,144
False,True,455,144
False,True,456,144
False,True,457,144
False,True,458,144
False,True,459,145
False,True,460,145
False,True,461,145
False,True,462,145
False,True,463,145
False,True,464,145
False,True,465,146
False,True,466,146
False,True,467,146
False,True,468,146
False,True,469,146
False,True,470,147
False,True,471,147
False,True,472,147
False,True,473,147
False,True,474,147
False,True,475,147
False,True,476,148
False,True,477,148
False,True,478,149
False,True,479,149
False,True,480,149
False,True,481,150
False,True,482,150
False,True,483,151
False,True,484,151
False,True,485,151
False,True,486,151
False,True,487,152
False,True,488,152
False,True,489,152
False,True,490,152
False,True,491,152
False,True,492,152
False,True,493,153
False,False,494,153
False,True,495,153
True,True,496,154
True,True,497,154
False,True,498,154
False,True,499,155
False,True,500,155
False,True,501,155
False,True,502,157
False,True,503,158
False,True,504,158
False,True,505,158
False,True,506,158
False,True,507,160
False,True,508,161
False,True,509,162
False,True,510,162
False,True,511,162
False,True,512,162
False,True,513,162
False,True,514,163
True,,515,163
True,True,516,163
False,True,517,164
False,True,518,164
False,True,519,164
False,True,520,165
False,True,521,165
False,True,522,165
False,True,523,165
False,True,524,165
True,True,421,166
True,True,525,168
False,True,526,168
True,True,527,168
False,True,528,170
False,True,529,170
True,True,530,170
False,True,531,170
False,True,532,170
False,True,533,171
False,True,534,172
False,True,535,172
False,True,536,172
True,True,537,174
False,True,538,175
False,True,539,175
False,True,540,175
False,True,541,175
False,True,542,175
False,True,543,175
False,True,544,177
False,True,545,177
False,True,546,177
False,True,547,177
False,True,548,177
False,True,549,177
False,True,550,178
True,True,551,178
False,True,552,178
False,True,553,178
False,True,554,178
False,True,555,178
False,True,556,179
False,True,557,179
False,True,558,179
False,True,559,179
False,True,560,180
False,True,561,180
False,True,562,180
False,True,563,181
False,True,564,181
False,True,565,181
False,True,566,181
False,True,567,181
False,True,568,181
False,True,569,182
False,True,570,182
True,False,571,182
True,False,572,182
False,True,573,183
False,True,574,183
False,True,575,183
False,True,576,183
False,True,577,183
False,True,578,183
False,True,579,184
False,True,580,185
False,True,581,185
False,True,582,185
False,True,583,185
False,True,584,185
False,True,585,186
False,True,586,186
False,True,587,186
False,True,588,186
False,True,589,186
False,True,590,187
False,True,591,187
False,True,592,187
False,True,593,187
False,True,594,187
False,True,595,187
False,True,596,189
False,True,597,189
False,True,598,189
False,True,599,189
False,True,600,189
False,True,601,189
False,True,602,190
False,True,603,190
False,True,604,190
True,True,605,190
False,True,606,193
False,True,607,193
False,True,608,193
False,True,609,193
False,True,610,194
False,True,611,195
False,True,612,195
False,True,613,196
False,True,614,196
False,True,615,196
False,True,616,196
False,True,617,196
False,True,618,196
False,True,619,197
False,True,620,197
False,True,621,197
True,,622,198
False,True,623,198
True,,624,198
False,True,625,199
True,False,24,199
False,True,626,200
True,False,627,200
True,True,628,200
True,True,629,200
False,True,630,201
False,True,631,201
False,True,632,201
False,True,633,201
False,True,634,202
False,True,635,203
False,True,636,203
False,True,637,203
False,True,638,203
False,True,639,203
True,True,640,204
True,True,641,204
True,,642,205
False,True,643,206
False,True,644,206
False,True,645,207
False,True,646,208
False,True,647,208
False,True,648,208
False,True,649,209
False,True,650,209
False,True,651,210
True,False,652,210
False,False,653,210
False,True,654,211
False,True,655,211
False,True,656,211
True,True,657,212
False,True,658,212
False,True,659,212
False,True,660,212
False,True,661,213
False,True,662,213
False,True,663,213
False,True,664,213
False,True,665,213
False,True,666,213
False,True,667,214
False,True,668,214
False,True,669,214
False,True,670,214
True,True,671,215
False,True,217,216
False,True,672,216
False,True,572,216
False,True,673,217
True,True,674,217
False,True,675,217
False,True,676,217
False,True,677,219
False,True,678,220
True,True,679,220
False,False,680,220
False,False,681,220
False,True,682,222
False,True,683,222
False,True,684,222
False,True,685,222
True,True,686,224
False,True,687,224
False,True,688,224
True,False,689,224
False,True,690,225
False,True,691,225
True,True,692,225
True,True,693,225
False,True,694,225
False,True,695,226
False,True,696,226
False,True,697,226
False,True,698,226
False,True,699,227
False,True,700,227
False,True,701,227
False,True,702,227
False,True,703,227
False,True,704,227
True,False,705,228
False,True,706,229
False,True,707,229
False,False,708,229
False,True,709,229
False,True,710,229
False,True,711,230
True,True,712,231
False,True,713,232
False,True,714,232
False,True,715,232
False,True,716,232
False,True,717,232
False,True,718,233
False,True,719,233
False,True,720,233
False,True,721,233
False,True,722,233
False,True,723,233
False,True,724,234
False,True,725,234
False,True,726,234
False,True,727,234
False,True,728,234
False,True,729,234
False,True,730,235
False,True,731,235
False,True,732,235
False,True,733,235
False,True,734,237
False,True,735,237
False,True,736,237
False,True,737,237
False,True,738,238
False,True,739,238
False,True,740,239
False,True,741,239
False,True,742,239
False,True,743,239
False,True,744,239
False,True,745,240
False,True,746,240
False,True,747,240
False,True,748,240
False,True,749,240
False,True,750,240
False,True,751,242
False,True,752,242
False,True,753,243
False,True,754,243
False,True,755,243
False,True,756,244
True,True,757,244
False,True,758,244
False,True,759,245
False,True,760,245
False,True,761,245
False,True,762,245
True,False,763,246
False,True,764,246
False,True,765,246
False,True,766,247
False,True,767,247
False,True,768,247
False,True,769,247
False,True,770,247
False,True,771,249
False,True,772,249
False,True,773,249
False,True,774,250
False,True,775,250
False,True,776,250
False,True,777,250
False,True,778,250
False,True,779,251
False,True,780,251
False,True,781,251
False,True,782,251
False,True,783,251
True,True,784,251
False,True,785,252
False,True,786,252
False,True,787,252
False,True,788,252
False,True,789,252
False,True,790,252
False,True,791,254
False,True,792,254
False,True,793,254
False,True,794,255
False,True,795,255
True,True,796,255
False,True,797,256
False,True,798,256
False,True,799,256
False,True,800,256
False,True,801,256
False,True,802,256
False,True,803,257
False,True,804,257
False,True,805,257
False,True,806,257
False,True,807,258
True,,808,258
False,True,809,258
False,True,810,258
False,True,811,258
True,False,62,259
False,True,812,259
True,False,813,259
False,True,814,259
True,False,815,259
False,True,816,260
False,True,817,260
True,False,818,260
False,True,819,260
False,True,820,261
False,True,821,261
False,True,822,261
False,True,823,261
False,True,824,262
False,True,825,262
False,True,826,262
False,True,827,262
False,True,828,262
False,True,829,263
False,True,830,263
False,True,831,264
False,True,832,264
False,True,833,265
False,True,834,265
False,True,835,266
False,True,836,266
False,True,837,266
False,True,838,267
False,True,839,267
False,True,840,267
False,True,841,267
False,True,842,267
False,True,843,267
False,True,844,268
True,False,230,268
False,True,845,268
False,True,846,268
False,True,847,269
False,True,848,269
True,False,849,269
True,True,850,270
False,True,851,270
True,True,24,270
True,True,852,270
False,True,853,271
False,True,854,271
False,True,855,271
False,True,856,271
False,True,857,271
False,True,858,271
True,True,421,272
True,True,859,272
True,True,860,272
True,True,861,272
True,True,862,272
True,True,863,272
False,True,864,273
False,True,865,273
False,True,866,273
False,True,867,273
False,True,868,274
False,True,869,274
False,True,870,274
True,False,871,274
True,False,872,274
True,False,873,274
False,True,874,275
False,True,875,275
False,True,876,275
False,True,877,275
False,True,878,275
False,True,879,275
False,True,880,276
False,True,881,276
False,True,882,276
False,True,883,276
True,True,884,277
True,True,885,277
True,True,886,277
False,True,887,277
False,True,888,278
False,True,889,278
False,True,890,278
False,True,891,278
False,True,892,279
False,True,893,279
False,True,894,279
False,True,895,279
False,True,896,279
False,True,897,279
True,False,898,280
True,False,899,280
True,True,900,281
True,True,901,281
False,True,902,282
True,False,26,282
False,True,903,283
False,True,904,283
False,True,905,283
False,True,906,283
False,True,907,283
False,True,908,283
True,True,909,284
False,True,910,284
False,True,911,284
False,True,912,284
False,True,913,285
False,True,914,285
False,True,915,285
True,True,916,286
True,True,917,286
True,True,918,286
True,True,919,286
False,True,920,287
False,True,921,287
False,True,922,287
False,True,923,287
False,True,924,288
False,True,925,288
True,True,926,288
False,True,927,288
False,True,928,288
True,,929,289
False,True,930,289
True,False,62,289
True,False,931,289
False,True,932,290
False,True,933,290
False,True,934,290
False,True,935,290
False,True,936,290
False,True,937,291
False,True,938,291
False,True,939,292
False,True,940,292
False,True,941,292
False,True,942,292
False,True,943,292
False,True,944,292
True,False,945,293
False,True,946,294
False,True,947,295
False,True,948,295
False,True,949,295
False,True,950,295
False,True,951,295
False,True,952,296
False,True,953,296
True,True,24,296
True,True,954,296
False,True,955,297
False,True,956,297
False,True,957,297
False,True,958,297
False,True,959,297
False,True,960,297
False,True,961,298
False,True,962,298
False,True,963,298
False,True,964,298
False,True,965,299
False,True,966,299
False,True,967,299
False,True,968,300
False,True,969,300
False,True,970,300
False,True,971,300
False,True,972,300
False,True,973,300
False,True,974,301
False,True,975,301
True,,976,301
False,True,977,301
True,True,978,302
True,False,230,304
True,False,815,304
False,True,979,304
False,True,980,304
True,False,62,305
True,False,981,305
True,True,982,305
False,True,983,305
True,True,984,306
False,True,985,306
False,True,986,306
False,True,987,306
False,True,988,306
False,True,989,306
False,True,990,308
False,True,991,308
False,True,992,308
False,True,993,308
False,True,994,309
False,True,995,309
False,True,996,310
False,True,997,310
False,True,998,311
False,True,999,311
False,True,1000,311
False,True,1001,312
False,True,1002,312
False,True,1003,312
False,True,1004,312
False,True,1005,313
False,True,1006,313
False,True,1007,313
False,True,1008,314
False,True,1009,314
False,True,1010,314
False,True,1011,315
False,True,1012,315
False,True,1013,315
False,True,1014,315
False,True,1015,316
False,True,1016,316
False,True,1017,316
False,True,1018,317
True,False,1019,317
False,True,1020,317
False,True,1021,317
True,False,1022,318
True,True,1023,319
True,,1024,319
True,False,1025,319
False,True,1026,319
True,False,1027,320
True,False,1028,320
False,True,1029,321
False,True,1030,321
False,True,1031,321
False,True,1032,321
False,True,1033,322
False,True,1034,322
False,True,1035,323
False,True,1036,323
False,True,1037,323
False,True,1038,323
False,True,1039,323
False,True,1040,324
False,True,1041,325
False,True,1042,325
False,True,1043,326
False,True,1044,326
False,True,1045,327
False,True,1046,329
False,True,1047,329
False,True,1048,329
False,True,1049,329
False,True,1050,330
False,True,1051,330
False,True,1052,330
False,True,1053,330
False,True,1054,331
False,True,1055,331
False,True,1056,331
False,True,1057,331
False,True,1058,331
True,False,1059,332
False,True,1060,332
False,True,1061,332
False,True,1062,332
False,True,1063,333
False,True,1064,333
False,True,1065,334
False,True,1066,334
False,True,1067,334
False,True,1068,334
False,True,1069,334
False,True,1070,334
False,True,1071,335
False,True,1072,335
True,False,1073,335
False,True,1074,335
False,True,1075,336
False,True,1076,336
False,True,1077,336
False,True,1078,337
False,True,1079,337
False,True,1080,338
False,True,1081,338
False,True,1082,338
False,True,1083,338
False,True,1084,338
False,True,1085,338
True,True,1086,339
True,True,1087,339
True,True,1088,339
True,True,1089,339
False,True,1090,340
False,True,1091,340
False,True,1092,340
False,True,1093,340
False,True,1094,341
False,True,1095,343
False,True,1096,345
False,True,1097,345
True,False,24,345
True,True,1098,346
True,False,1099,346
False,True,1100,347
True,False,1101,347
False,True,1102,347
False,True,1103,347
False,True,1104,347
False,True,1105,347
False,True,1106,348
False,True,1107,348
False,True,1108,350
False,True,1109,350
False,True,1110,350
False,True,1111,350
False,True,1112,350
False,True,1113,351
False,True,1114,352
False,True,1115,352
False,True,1116,352
False,True,1117,352
False,True,1118,352
False,True,1119,352
True,True,1120,354
True,True,1121,354
False,True,1122,354
True,True,1123,354
True,True,1124,354
False,True,1125,354
False,True,1126,355
False,True,1127,355
False,True,1128,355
False,True,1129,355
False,True,1130,355
False,True,1131,355
True,True,1132,356
True,True,1133,356
False,True,1134,357
False,True,1135,357
False,True,1136,357
False,True,1137,359
False,True,1138,359
False,True,1139,360
False,True,1140,361
False,True,1141,361
False,True,1142,361
False,True,1143,361
False,True,1144,361
False,True,1145,362
False,True,1146,362
False,True,1147,362
False,True,1148,362
False,True,1149,362
False,True,1150,363
False,True,1151,363
False,True,1152,363
False,True,1153,363
True,True,1154,364
True,True,1155,364
False,True,1156,364
False,True,1157,364
True,True,1158,364
True,True,1159,364
False,True,1160,365
False,True,1161,366
False,True,1162,366
False,True,1163,366
False,True,1164,366
False,True,1165,366
False,True,1166,366
True,False,1167,367
True,False,1168,367
True,False,1169,367
True,False,1170,367
True,False,62,367
True,False,1171,367
False,True,1172,368
False,True,1173,368
False,True,1174,368
False,True,1175,368
False,True,1176,368
False,True,1177,368
False,True,1178,369
False,True,1179,369
False,True,1180,369
False,True,1181,370
False,True,1182,370
False,True,1183,371
False,True,1184,371
False,True,1185,371
True,True,1186,371
False,True,1187,371
False,True,1188,373
False,True,1189,373
False,True,1190,373
True,False,1191,373
False,True,1192,375
False,True,1193,375
False,True,1194,375
False,True,1195,375
False,True,1196,375
False,True,1197,375
False,True,1198,376
False,True,1199,376
True,False,1200,376
False,True,1201,376
False,True,1202,376
False,True,1203,378
False,True,1204,378
False,True,1205,379
False,True,1206,379
False,True,1207,379
False,True,1208,379
False,True,1209,379
False,True,1210,380
False,True,1211,380
False,True,1212,381
False,True,1213,381
False,True,1214,381
False,True,1215,382
False,True,1216,382
False,True,1217,384
False,True,1218,384
False,True,1219,384
False,True,1220,384
True,False,1221,385
True,True,1222,386
False,True,1223,386
False,True,1224,386
False,True,1225,386
False,True,1226,386
False,True,1227,386
False,True,1228,387
False,True,1229,387
False,True,1230,387
False,True,1231,388
False,True,1232,388
False,True,1233,388
False,True,1234,388
False,True,1235,388
False,True,1236,389
False,True,1237,389
True,False,1238,389
False,True,1239,389
False,True,1240,390
False,True,1241,390
False,True,1242,391
False,True,1243,391
False,True,1244,391
False,True,1245,391
False,True,1246,391
False,True,1247,391
False,True,1248,392
False,True,1249,392
False,True,1250,392
False,True,1251,392
False,True,1252,393
False,True,1253,393
False,True,1254,394
True,True,1255,394
False,True,1256,395
False,True,1257,395
False,True,1258,395
True,False,1259,396
False,True,1260,398
False,True,1261,398
False,True,1262,398
True,True,1263,399
False,True,1264,399
False,True,1265,399
False,True,1266,400
False,True,1267,400
False,True,1268,400
False,True,1269,400
True,True,1270,400
False,True,1271,400
False,True,1272,401
False,True,1273,401
False,True,1274,402
False,True,1275,402
False,True,1276,402
False,True,1277,402
False,True,1278,402
False,True,1279,403
False,True,1280,403
False,True,1281,403
False,True,1282,405
False,True,1283,405
False,True,1284,405
False,True,1285,406
False,True,1286,406
False,True,1287,407
False,True,1288,407
False,True,1289,407
False,True,1290,407
False,True,1291,407
False,True,1292,408
False,True,1293,408
True,True,1294,408
True,True,1295,408
False,True,1296,408
False,True,1297,409
False,True,1298,409
False,True,1299,409
False,True,1300,409
False,True,1301,409
False,True,1302,411
False,True,1303,411
False,True,1304,411
False,True,1305,411
False,True,1306,411
False,True,1307,411
True,True,1308,412
True,True,1309,412
False,True,1310,412
True,True,1311,412
False,True,1312,413
False,True,1313,413
False,True,1314,413
False,True,1315,414
False,True,1316,414
False,True,1317,414
False,True,1318,414
False,True,1319,414
False,True,1320,414
False,True,1321,415
False,True,1322,415
False,True,1323,415
False,True,1324,415
False,True,1325,415
False,True,1326,415
False,True,1327,416
False,True,1328,416
False,True,1329,416
True,True,1330,417
True,True,1331,417
False,True,1332,417
False,True,1333,417
True,True,1334,417
False,True,1335,417
False,True,1336,418
False,True,1337,418
False,True,1338,418
False,True,1339,418
False,True,1340,419
False,True,1341,419
False,True,1342,419
False,True,1343,419
False,True,1344,419
False,True,1345,420
False,False,1346,421
False,True,1347,421
False,True,1348,422
False,True,1349,422
False,True,1350,423
False,True,1351,423
True,False,1352,423
False,True,1353,423
False,True,1354,424
False,True,1355,424
False,True,1356,424
False,True,1357,424
False,True,1358,425
False,True,1359,425
False,True,1360,425
False,True,1361,426
False,True,1362,426
True,True,1363,427
True,True,1364,427
True,False,1365,427
False,True,1366,427
False,True,1367,427
True,True,1368,427
True,True,1369,429
False,True,1370,429
False,True,1371,429
False,True,1372,429
False,True,1373,429
False,True,1374,430
False,True,1375,430
False,True,1376,430
False,True,1377,430
False,True,1378,431
False,True,1379,431
False,True,1380,431
False,True,1381,431
False,True,1382,432
False,True,1383,432
False,True,1384,432
False,True,1385,433
True,,1386,433
False,True,1387,434
True,True,1388,435
True,True,652,435
True,True,1389,437
True,True,1390,437
False,True,1391,437
False,True,1392,437
False,True,1393,438
False,True,1394,438
False,True,1395,438
False,True,1396,438
False,True,1397,438
False,True,1398,438
False,True,1399,439
False,True,1400,439
False,True,1401,440
False,True,1402,440
False,True,1403,440
False,True,1404,440
False,True,1405,440
False,True,1406,440
False,True,1407,442
False,True,1408,442
False,True,1409,442
False,True,1410,442
False,True,1411,442
True,True,421,443
True,True,1412,443
True,True,1170,443
False,True,1413,443
False,True,1414,443
False,True,1415,443
False,True,1416,444
False,True,1417,445
True,False,1418,445
True,False,68,445
True,True,1419,445
True,True,1420,445
False,True,1421,446
False,True,1422,447
False,True,1423,447
False,True,1424,447
False,True,1425,448
False,True,1426,448
False,True,1427,448
True,True,1428,449
False,True,1429,450
False,True,1430,450
False,True,1431,450
True,False,1432,452
True,False,218,452
False,True,1433,453
False,True,1434,453
False,True,1435,454
False,False,1436,454
False,True,1437,454
True,False,1438,454
False,True,1439,455
False,True,1440,455
True,False,1441,455
False,True,1442,457
False,True,1443,457
False,True,1444,457
False,True,1445,457
False,True,1446,458
False,True,1447,458
False,True,1448,458
False,True,1449,458
False,True,1450,459
False,True,1451,459
False,True,1452,459
False,True,1453,460
False,True,1454,460
False,True,1455,460
False,True,1456,460
False,True,1457,461
False,True,1458,461
False,True,1459,461
True,True,1460,461
False,True,1461,461
False,True,1462,462
False,True,1463,462
False,True,1464,462
False,True,1465,462
False,True,1466,463
False,True,1467,463
False,True,1468,463
False,True,1469,463
False,True,1470,463
False,True,1471,464
True,False,1472,464
False,True,1473,465
False,True,1474,465
False,True,1475,465
True,True,1476,466
False,True,1477,466
False,True,1478,466
False,True,1479,466
False,True,1480,466
False,True,1481,467
True,True,1482,467
True,,1483,467
False,True,1484,468
False,True,1485,468
True,False,24,468
True,False,1486,468
True,True,1487,468
True,True,1488,468
False,True,1489,469
False,True,1490,469
False,True,1491,470
False,True,1492,470
False,True,1493,470
False,True,1494,470
False,True,1495,471
False,True,1496,471
False,True,1497,471
False,True,1498,471
False,True,1499,472
False,True,1500,472
False,True,1501,472
False,False,1502,472
False,True,1503,472
False,True,1504,473
True,True,1505,473
False,True,1506,473
False,True,1507,473
False,True,1508,473
False,True,1509,473
True,True,1510,474
False,True,1511,476
False,True,1512,476
False,True,1513,477
False,True,1514,478
False,True,1515,478
False,True,1516,479
False,True,1517,479
True,,1518,479
False,True,1519,480
False,True,1520,480
False,True,1521,480
False,True,1522,480
False,True,1523,480
False,True,1524,480
False,True,1525,481
False,True,1526,481
False,True,1527,481
False,True,1528,481
False,True,1529,481
False,True,1530,481
False,True,1531,482
False,True,1532,482
False,True,1533,482
True,,1534,483
True,,1535,483
False,True,1536,483
True,,1537,483
False,True,1538,484
False,False,1539,484
True,False,1540,484
False,True,1541,484
True,False,1542,484
False,True,1543,485
False,False,1544,485
False,False,1545,485
False,False,1546,485
False,True,1547,485
False,True,1548,487
False,True,1549,487
False,True,1550,488
False,True,1551,488
False,True,1552,489
False,True,1553,489
False,True,1554,489
False,True,1555,489
True,False,62,490
True,True,1556,490
False,True,1557,491
False,True,1558,491
False,True,1559,492
False,True,1560,492
False,True,1561,492
False,True,1562,492
False,True,1563,492
False,True,1564,492
False,True,1565,493
False,True,1566,493
False,True,1567,493
False,True,1568,493
False,True,1569,494
False,True,1570,494
False,True,1571,494
False,True,1572,494
False,True,1573,494
False,True,1574,495
True,False,1028,495
False,True,1575,496
False,True,1576,496
False,True,1577,497
True,True,873,498
False,True,1578,499
True,False,1579,499
False,True,1580,500
False,True,1581,500
False,True,1582,500
False,True,1583,500
True,True,1584,500
True,True,1585,500
False,True,1586,501
True,True,1587,501
True,True,1588,501
False,True,1589,501
False,True,1590,503
False,True,1591,503
False,True,1592,503
True,False,24,504
True,True,1593,504
False,True,1594,504
False,True,1595,504
False,True,1596,505
True,False,1597,505
True,True,1598,505
True,True,1599,506
False,True,1600,506
False,True,1601,506
False,True,1602,507
False,True,1603,507
False,True,1604,507
False,True,1605,507
False,True,1606,507
False,True,1607,508
False,True,1608,508
False,True,1609,508
False,True,1610,508
False,True,1611,508
False,True,1612,508
True,True,1613,509
False,True,1614,509
False,True,1615,510
False,True,1616,510
False,True,1617,510
False,True,1618,510
False,True,1619,511
True,True,1620,512
True,True,1621,512
False,True,1622,513
False,True,1623,513
True,False,1624,514
False,True,1625,514
False,True,1626,515
True,True,1282,515
False,True,1627,515
True,True,1628,516
True,True,1629,516
False,True,1630,516
False,True,1631,516
False,True,1632,516
False,True,1633,518
False,True,1634,518
False,True,1635,518
False,True,1636,519
False,True,1637,520
False,True,1638,520
False,True,1639,521
False,True,1640,521
False,True,1641,521
False,True,1642,521
False,True,1643,521
False,True,1644,521
False,True,1645,522
False,True,1646,522
False,True,1647,522
False,True,1648,523
False,True,1649,524
False,True,1650,524
False,True,1651,524
False,True,1652,526
False,True,1653,526
False,True,1654,526
False,True,1655,527
False,True,1656,527
False,True,1657,527
False,True,1658,527
False,True,1659,528
False,True,1660,528
False,True,1661,529
True,False,1662,529
False,True,1663,529
False,True,1664,529
True,False,62,530
False,True,1665,530
True,False,1666,530
False,True,1667,530
False,True,1668,530
False,True,1669,530
False,True,1670,531
False,True,1671,531
False,True,1672,533
False,True,1673,533
True,,1674,533
False,True,1675,534
False,True,1676,534
False,True,1677,534
False,True,1678,535
True,True,421,535
False,True,1679,535
False,True,1680,535
False,True,1681,535
False,True,1682,535
True,True,1683,536
True,True,1684,536
False,True,1685,536
False,True,1686,536
False,True,1687,536
False,True,1688,536
False,True,1689,537
False,True,1690,537
False,True,1691,537
False,True,1692,537
False,True,1693,537
False,True,1694,537
False,True,1695,538
False,True,1696,538
False,True,1697,538
False,True,1698,538
False,True,1699,538
False,True,1700,539
True,True,1701,539
True,True,1702,539
False,True,1703,543
False,True,1704,543
False,True,1705,543
False,True,1706,543
False,True,1707,543
False,True,1708,543
False,True,1709,544
False,True,1710,544
False,True,1711,544
False,True,1712,544
False,True,1713,545
True,False,1714,546
True,False,1715,546
True,True,1716,546
True,True,1717,547
False,True,1718,547
False,True,1719,548
False,True,1720,549
False,True,1721,549
False,True,1722,549
False,True,1723,549
False,True,1724,549
False,True,1725,549
False,True,1726,550
False,True,1727,550
True,True,1728,550
True,True,1729,550
True,True,1730,550
False,True,1731,551
False,True,1732,551
False,True,1733,551
False,True,1734,551
False,True,1735,551
False,True,1736,551
False,True,1737,552
False,True,1738,553
False,True,1739,553
False,True,1740,553
False,True,1741,555
False,True,1742,555
False,True,1743,556
False,True,1744,556
False,True,1745,556
False,True,1746,556
False,True,1747,557
False,True,1748,559
False,True,1749,559
False,True,1750,560
False,True,1751,560
False,True,1752,560
False,True,1753,560
False,True,1754,560
False,True,1755,560
False,True,1756,562
False,True,1757,562
False,True,1758,562
True,True,1759,563
False,True,1760,563
True,True,1761,563
True,True,1762,563
False,True,1763,564
False,True,1764,564
True,True,1765,564
True,True,1766,564
False,True,1767,565
False,True,1768,565
True,True,1769,565
False,True,1770,565
False,True,1771,566
False,True,1772,566
False,True,1773,566
True,True,1774,566
False,True,1775,567
False,True,1776,567
False,True,1777,567
False,True,1778,568
False,True,1779,569
False,True,1780,570
False,True,1781,570
False,True,1782,571
False,True,1783,571
False,False,1784,571
False,True,1785,572
False,True,1786,572
False,True,1787,572
False,True,1788,572
False,True,1789,572
False,True,1790,572
True,False,24,573
True,True,1791,573
True,True,1792,573
True,True,1793,573
True,True,1794,573
False,True,1795,574
False,True,1796,574
False,True,1797,574
False,,1798,574
False,True,1799,574
False,True,1800,574
False,True,1801,575
False,True,1802,575
False,True,1803,575
False,True,1804,575
False,True,1805,575
False,True,1806,576
False,True,1807,576
False,True,1808,576
False,True,1809,576
False,True,1810,576
False,True,1811,576
False,True,1812,577
False,True,1813,577
False,True,1814,577
False,True,1815,577
False,True,1816,577
False,True,1817,577
True,True,1818,578
False,True,1819,578
False,True,1820,578
True,True,1821,578
True,True,1822,579
True,True,1823,579
True,True,1824,579
False,True,1825,580
True,True,1826,581
False,True,1827,581
True,True,1828,582
False,True,1829,582
False,True,1830,584
False,True,1831,584
False,True,1832,584
False,True,1833,584
False,True,1834,584
True,False,1714,585
True,False,1835,585
True,False,1836,585
True,True,1837,585
False,True,1838,586
False,True,1839,586
False,True,1840,586
False,True,1841,586
False,True,1842,586
False,True,1843,589
False,True,1844,589
False,True,1845,589
True,False,872,589
False,True,1846,590
False,True,1847,590
True,,1848,591
True,False,1849,591
False,True,1850,591
True,True,1851,592
False,True,1852,594
False,True,1853,594
False,True,1854,594
False,True,1855,594
False,True,1856,594
False,True,1857,594
False,True,1858,595
False,True,1859,595
False,True,1860,595
False,True,1861,595
False,True,1862,595
False,True,1863,595
False,True,1864,596
False,True,1865,596
True,True,1866,596
True,False,1059,596
False,True,1867,597
False,True,1868,597
False,True,1869,597
False,True,1870,599
False,True,1871,599
False,True,1872,599
True,True,1167,600
True,True,1873,600
True,True,1874,600
False,True,1875,602
False,True,1876,602
False,True,1877,602
True,True,304,605
True,True,640,605
True,True,954,605
True,True,1295,605
True,False,1878,605
False,True,1879,606
False,True,1880,606
False,True,1881,606
False,True,1882,606
False,True,1883,607
False,True,1884,607
False,True,1885,607
False,True,1886,608
False,True,1887,608
False,True,1888,608
False,True,1889,609
False,True,1890,609
False,True,1891,609
False,True,1892,609
False,True,1893,609
False,True,1894,609
True,False,571,610
True,False,1895,610
True,False,270,610
False,True,1896,613
False,True,1897,613
False,True,1898,613
False,True,1899,613
False,True,1900,613
False,True,1901,613
False,True,1902,615
False,True,1903,615
False,True,1904,615
False,True,1905,615
True,True,1906,616
False,True,1907,616
True,True,1908,616
False,True,1909,616
True,True,1910,616
False,True,1911,617
False,True,1912,617
False,True,1913,617
False,True,1914,617
False,True,1915,618
False,False,1916,618
False,False,1917,618
False,False,1918,618
False,False,1919,618
False,True,1920,619
True,False,1921,619
False,True,1922,620
False,True,1923,620
True,False,763,620
True,False,873,620
False,True,1924,622
False,True,1925,622
False,True,1926,623
False,True,1927,623
False,True,1928,623
False,True,1929,623
False,True,1930,623
False,True,1931,624
True,True,1932,624
False,True,1933,624
False,True,1934,624
False,True,1935,624
True,True,1936,624
False,True,1937,625
False,True,1938,625
False,True,1939,625
False,True,1940,626
False,True,1941,626
True,True,1942,626
False,True,1943,626
False,True,1944,626
False,True,1945,626
False,True,1946,627
False,True,1947,627
False,True,1948,627
False,True,1949,627
False,True,1950,627
False,True,1951,628
False,True,1952,630
False,True,1953,630
True,True,1954,630
False,True,1955,632
False,True,1956,632
True,True,1957,632
True,False,1958,632
False,True,1959,632
True,False,24,632
False,True,1960,633
False,True,1961,633
False,True,1962,633
False,True,1963,634
False,True,1964,634
False,True,1965,634
False,True,1966,634
True,False,1967,635
True,False,1968,635
True,False,1191,635
False,True,1969,636
False,True,1970,636
False,True,1971,636
False,True,1972,636
False,True,1973,636
False,True,1974,636
False,True,1975,637
True,True,1976,638
False,True,1977,638
False,True,1978,638
True,True,1979,638
False,True,1980,638
True,True,68,639
True,True,1981,639
False,True,1982,639
False,True,1983,639
False,True,1984,639
False,True,1985,639
True,True,1986,640
True,True,1987,640
True,True,1988,640
False,True,1989,640
False,True,1990,640
False,True,1991,641
False,True,1992,641
False,True,1993,641
False,True,1994,641
False,True,1995,641
True,True,348,642
False,True,1996,644
False,True,1997,645
True,False,1998,645
False,True,1999,647
False,True,2000,647
False,True,2001,647
False,True,2002,647
True,True,2003,648
True,False,2004,648
True,False,2005,648
True,False,2006,648
False,True,2007,650
False,True,2008,650
False,True,2009,651
False,True,2010,652
False,True,2011,652
False,True,2012,652
False,True,2013,654
False,True,2014,654
False,True,2015,654
False,True,2016,655
False,True,2017,655
False,False,2018,655
False,True,2019,655
False,True,2020,656
False,True,2021,657
False,True,2022,658
False,True,2023,658
False,True,2024,658
False,True,2025,658
False,True,2026,659
False,True,2027,660
False,True,2028,660
False,True,2029,660
False,True,2030,660
False,True,2031,661
False,True,2032,661
False,True,2033,661
False,True,2034,662
False,True,2035,662
False,True,2036,662
False,True,2037,662
False,True,2038,662
False,True,2039,662
False,True,2040,663
True,True,2041,663
False,True,2042,663
False,True,2043,663
True,True,2044,665
True,True,2045,665
False,True,2046,665
False,True,2047,666
False,True,2048,666
True,False,2049,666
False,True,2050,667
False,True,2051,667
True,False,651,668
True,True,2052,670
True,True,2053,670
True,True,2054,670
False,True,2055,671
False,True,2056,671
False,True,2057,671
True,True,2058,671
False,True,2059,671
True,True,640,673
True,True,2060,673
True,True,815,673
True,True,1428,674
False,True,2061,674
False,True,2062,674
False,True,2063,675
False,True,2064,675
False,True,2065,675
False,True,2066,675
False,True,2067,675
False,True,2068,675
True,False,2069,676
True,True,360,676
False,True,2070,677
True,True,2071,677
True,True,2072,677
False,True,2073,677
False,True,2074,678
False,True,2075,678
False,True,2076,678
False,True,2077,679
False,True,2078,679
False,True,2079,679
False,True,2080,680
False,True,2081,680
False,True,2082,681
False,True,2083,681
False,True,2084,681
False,True,2085,681
False,True,2086,681
False,True,2087,682
False,True,2088,682
False,True,2089,682
False,True,2090,682
False,True,2091,682
False,True,2092,683
False,True,2093,683
False,True,2094,683
False,True,2095,683
True,False,2096,685
False,True,2097,686
False,True,2098,686
False,True,2099,686
False,True,2100,686
False,True,2101,687
False,True,2102,688
False,True,2103,688
False,True,2104,688
True,False,68,688
False,True,2105,689
False,True,2106,689
True,False,2107,690
False,True,2108,691
True,True,2109,691
False,True,2110,691
True,False,2111,692
False,True,2112,693
True,False,2113,694
True,False,2114,694
False,True,2115,695
False,True,2116,696
False,True,2117,696
False,True,2118,696
False,True,2119,696
False,True,2120,696
False,True,2121,696
False,True,2122,697
True,False,849,697
False,True,2123,698
False,True,2124,698
True,False,609,698
False,True,2125,699
False,True,2126,699
False,True,2127,699
False,True,2128,699
True,,2129,701
False,True,2130,702
False,True,2131,702
True,True,2132,702
True,True,2133,702
True,True,2134,702
True,True,2135,702
False,True,2136,703
False,True,2137,703
False,True,2138,703
True,False,2049,703
False,True,2139,705
True,False,2140,705
False,True,2141,705
False,True,2142,706
False,True,2143,706
False,True,2144,706
False,True,2145,706
False,True,2146,706
False,True,2147,708
False,True,2148,708
False,True,2149,709
False,True,2150,709
False,True,2151,709
False,True,2152,710
False,True,2153,710
True,False,2154,710
False,True,2155,710
False,True,2156,711
False,True,2157,711
False,True,2158,711
False,True,2159,711
False,True,2160,711
False,True,2161,714
False,True,2162,714
False,True,2163,714
False,True,2164,714
False,True,2165,714
True,True,2166,717
True,True,1759,717
True,True,2167,717
True,False,1791,717
True,True,2168,717
False,True,2169,717
False,True,2170,718
False,True,2171,718
False,True,2172,718
False,True,2173,719
False,True,2174,719
False,True,2175,719
False,True,2176,719
False,True,2177,719
False,True,2178,720
False,True,2179,720
False,True,2180,720
False,True,2181,720
False,True,2182,721
False,True,2183,722
False,True,2184,722
False,True,2185,722
False,True,2186,722
False,True,2187,723
True,True,2188,723
True,False,2189,723
True,False,2190,723
True,False,2191,723
True,False,763,724
False,True,2192,724
False,True,2193,724
False,True,2194,724
False,True,2195,724
True,True,2196,725
True,True,2197,725
False,True,2198,726
False,True,2199,726
False,True,2200,726
False,True,2201,726
False,True,2202,726
True,False,2096,728
False,True,2203,730
False,True,2204,730
False,True,2205,731
False,True,2206,731
False,True,2207,731
False,True,2208,732
False,True,2209,732
False,True,2210,732
False,True,2211,732
False,True,2212,733
False,True,2213,733
False,True,2214,733
False,True,2215,733
True,False,24,734
True,True,2216,734
True,False,2217,734
False,True,2218,734
False,False,2219,734
False,True,2220,736
False,True,2221,736
False,True,2222,737
False,True,2223,737
False,True,2224,737
True,True,2225,737
False,True,2226,740
False,True,2227,740
False,True,2228,741
False,True,2229,741
False,True,2230,741
True,False,2231,741
False,True,2232,743
False,True,2233,743
False,True,2234,745
False,True,2235,745
False,True,2236,745
False,True,2237,745
False,True,2238,746
False,True,2239,746
False,True,2240,746
False,True,2241,746
False,True,2242,748
False,True,2243,748
False,True,2244,748
False,True,2245,748
False,True,2246,749
False,True,2247,749
False,True,2248,749
False,True,2249,749
False,True,2250,750
False,True,2251,750
False,True,2252,750
False,True,2253,750
False,True,2254,750
False,True,2255,750
False,False,2256,751
False,True,2257,752
False,True,2258,752
False,True,2259,752
False,True,2260,752
False,True,2261,753
False,True,2262,753
True,True,2263,753
False,True,2264,754
False,True,2265,755
False,True,2266,755
False,True,2267,755
False,True,2268,756
False,True,2269,756
False,True,2270,757
False,True,2271,757
False,True,2272,757
False,True,2273,757
False,True,2274,757
False,True,2275,757
False,True,2276,758
False,True,2277,758
False,True,2278,758
False,True,2279,758
False,True,2280,758
False,True,2281,758
False,True,2282,759
False,True,2283,759
False,True,2284,759
False,True,2285,759
False,True,2286,760
False,True,2287,760
False,True,2288,760
False,True,2289,760
False,True,2290,760
False,True,2291,760
False,True,2292,761
False,True,2293,761
False,True,2294,762
False,True,2295,762
False,True,2296,762
False,True,2297,763
False,True,2298,763
False,True,2299,763
False,True,2300,763
False,True,2301,763
False,True,2302,764
False,True,2303,764
False,True,2304,764
False,True,2305,764
False,True,2306,764
False,True,2307,765
True,False,2308,765
False,True,2309,765
False,True,2310,765
False,True,2311,765
False,True,2312,765
True,True,2313,766
False,True,2314,766
False,True,2315,766
False,True,2316,766
False,True,2317,767
False,True,2318,767
False,True,2319,767
False,True,2320,767
False,True,2321,768
False,True,2322,770
False,True,2323,770
False,True,2324,770
False,True,2325,771
False,True,2326,772
False,True,2327,772
False,True,2328,773
False,True,2329,773
False,True,2330,773
False,True,2331,773
False,True,2332,773
False,True,2333,773
False,True,2334,774
False,True,2335,774
False,True,2336,774
False,True,2337,774
False,True,2338,774
False,True,2339,775
False,True,2340,775
False,True,2341,776
False,True,2342,776
False,True,2343,776
False,True,2344,776
False,True,2345,776
False,True,2346,777
False,True,2347,778
False,True,2348,778
False,True,2349,778
False,True,2350,778
True,True,2351,779
True,True,2352,779
False,True,2353,780
False,True,2354,780
False,True,2355,780
False,True,2356,780
False,True,2357,780
False,True,2358,780
False,True,2359,781
False,True,2360,781
False,True,2361,781
False,True,2362,781
False,True,2363,781
False,True,2364,781
False,True,2365,783
False,True,2366,783
False,True,2367,786
False,True,2368,786
False,True,2369,787
False,True,2370,787
False,True,2371,787
False,True,2372,788
False,True,2373,788
True,False,2374,788
False,True,2375,789
False,True,2376,791
False,True,2377,791
False,True,2378,791
True,True,2379,792
True,False,2049,792
True,True,2167,793
True,True,2380,793
True,True,56,793
True,True,2381,793
True,True,2382,793
True,True,1759,793
True,True,2383,794
False,True,2384,795
False,True,2385,796
False,True,2386,796
False,True,2387,796
False,True,2388,796
False,True,2389,796
False,True,2390,796
False,True,2391,828
False,True,2392,828
False,True,2393,828
True,False,2394,829
True,False,2395,829
False,False,2396,829
False,True,2397,830
False,True,2398,831
True,True,2399,831
False,True,2400,831
False,True,2401,831
False,True,2402,832
False,True,2403,832
False,True,2404,832
False,True,2405,832
False,True,2406,832
False,True,2407,833
False,True,2408,835
True,True,2409,835
True,True,2410,835
True,True,2411,835
False,True,2412,835
False,True,2413,835
False,True,2414,836
False,False,2415,837
False,True,2416,837
False,False,2417,837
False,True,2418,838
True,True,2419,839
True,True,2420,839
True,True,2421,839
True,False,2422,840
True,True,2423,840
True,False,981,840
True,True,2424,840
False,True,2425,840
True,True,2426,841
True,True,931,841
True,True,2427,841
False,True,2428,841
True,True,2429,841
False,True,2430,842
False,True,2431,842
False,True,2432,842
False,True,2433,842
False,True,2434,842
False,True,2435,844
False,True,2436,845
False,True,2437,845
True,False,537,845
True,True,2438,847
False,True,2439,848
True,True,1820,848
False,True,2440,848
False,True,2441,848
False,True,2442,848
False,False,2443,849
False,True,2444,851
False,True,2445,851
False,True,2446,851
False,True,2447,851
False,True,2448,852
False,True,2449,852
False,True,2450,852
True,False,2451,853
True,False,2452,853
True,False,2453,853
False,True,2454,854
False,True,2455,854
False,True,2456,854
False,True,2457,854
False,True,2458,854
False,True,2459,854
False,True,2460,855
False,True,2461,855
True,True,2462,856
True,False,1428,856
True,False,2463,856
True,False,2464,856
True,True,2465,857
True,True,2466,857
True,True,2467,857
False,True,2468,858
False,True,2469,859
False,True,2470,860
False,True,2471,860
False,True,2472,860
False,True,2473,860
True,True,2474,861
False,True,2475,861
False,True,2476,861
False,True,2477,861
True,True,2478,861
False,True,2479,862
False,True,2480,862
False,True,2481,862
False,True,2482,862
False,True,2483,862
False,True,2484,862
False,True,2485,863
False,True,2486,863
False,True,2487,863
False,True,2488,863
False,True,2489,863
True,True,2490,864
False,True,2491,864
True,True,2492,864
False,True,2493,864
True,True,2494,865
True,,2495,865
False,True,2496,866
False,True,2497,866
False,True,2498,866
False,True,2499,866
False,True,2500,867
False,True,2501,867
False,True,2502,867
False,True,2503,867
False,True,2504,868
False,True,2505,868
False,True,2506,868
False,True,2507,868
False,True,2508,868
False,True,2509,868
False,True,2510,869
False,True,2511,869
False,True,2512,869
False,True,2513,869
False,True,2514,869
False,True,2515,870
False,True,2516,872
False,True,2517,872
False,True,2518,872
False,True,2519,873
False,True,2520,873
False,True,2521,874
False,True,2522,874
False,True,2523,874
True,True,2524,874
False,True,2525,874
False,True,2526,874
False,True,2527,875
False,True,2528,875
False,True,2529,875
False,True,2530,876
False,False,2531,876
False,True,2532,877
False,True,2533,877
True,False,2534,877
False,True,2535,878
False,True,2536,878
False,True,2537,878
False,True,2538,879
False,True,2539,879
False,True,2540,879
False,True,2541,879
False,True,2542,879
False,True,2543,880
False,True,2544,880
True,True,2545,880
False,True,2546,880
False,True,2547,881
False,True,2548,881
False,True,2549,881
False,True,2550,881
False,True,2551,881
True,True,2552,882
False,True,2553,882
False,True,2554,885
False,True,2555,885
False,True,2556,885
False,True,2557,886
False,True,2558,886
False,True,2559,886
False,True,2560,886
False,True,2561,886
True,True,24,887
True,True,2562,887
True,True,2563,887
False,True,2564,888
False,True,2565,888
False,True,2566,888
False,True,2567,888
False,True,2568,890
False,False,2569,890
False,True,2570,890
False,False,2571,890
False,True,2572,891
False,True,2573,891
False,True,2574,891
False,True,2575,891
False,True,2576,891
False,True,2577,892
False,True,2578,892
False,True,2579,892
False,True,2580,892
False,True,2581,893
False,True,2582,893
False,True,2583,893
False,True,2584,894
True,True,304,895
True,True,2585,895
True,True,2586,895
False,True,2587,895
False,True,2588,896
False,True,2589,896
False,True,2590,896
False,True,2591,896
False,True,2592,896
False,True,2593,896
False,True,2594,898
False,True,2595,898
False,True,2596,898
False,True,2597,898
False,True,2598,898
True,False,2599,898
False,True,2600,899
False,True,2601,899
False,True,2602,899
False,True,2603,899
False,True,2604,900
False,True,2605,900
False,True,2606,900
False,True,2607,900
False,True,2608,900
False,True,2609,901
False,True,2610,901
False,True,2611,901
False,True,2612,901
False,True,2613,901
True,False,2614,901
False,True,2615,902
True,True,2616,903
True,True,2617,903
True,True,2382,903
True,True,2618,903
True,True,2619,903
True,True,2381,903
True,True,2620,905
False,True,2621,905
False,True,2622,905
False,True,2623,906
True,False,218,906
True,True,2624,906
True,False,2625,906
True,False,2626,906
False,True,2627,907
False,True,2628,907
False,True,2629,907
False,True,2630,907
False,True,2631,907
False,True,2632,907
False,True,2633,908
False,True,2634,908
False,True,2635,908
False,True,2636,908
True,True,2637,910
True,True,2638,910
True,True,2639,910
True,True,2640,910
True,True,2641,912
True,False,2642,913
True,True,2643,913
True,True,2644,913
True,True,2645,913
False,True,2646,914
True,True,2647,915
True,True,2648,915
False,True,2649,915
False,True,2650,915
True,True,2651,915
True,True,2652,915
False,True,2653,916
False,True,2654,916
False,True,2655,916
False,True,2656,916
True,True,2657,916
False,True,2658,917
False,True,2659,917
False,True,2660,917
False,True,2661,917
False,True,2662,919
False,True,2663,919
False,True,2114,919
False,True,2664,920
False,True,2665,920
False,True,2666,920
False,True,2667,921
False,True,2668,921
False,True,2669,922
False,True,2670,922
False,True,2671,922
False,True,2672,923
False,True,2673,923
False,True,2674,923
False,True,2675,923
False,True,2676,923
False,True,2677,923
False,True,2678,924
False,True,2679,924
False,True,2680,924
False,True,2681,924
False,True,2682,924
False,True,2683,924
True,False,2684,925
True,True,2685,925
True,False,2686,925
True,False,2687,925
True,True,2688,925
False,True,2689,926
False,True,2690,926
False,True,2691,926
False,True,2692,927
False,True,2693,927
False,True,2694,929
False,True,2695,929
False,True,2696,929
False,True,2697,931
False,True,2698,931
False,True,2699,931
False,True,2700,931
False,True,2701,931
False,True,2702,932
False,True,2703,932
False,True,2704,932
False,True,2705,932
False,True,2706,932
False,True,2707,933
False,True,2708,933
False,True,2709,933
False,True,2710,933
False,True,2711,934
False,True,2712,934
False,True,2713,934
False,True,2714,935
False,True,2715,935
False,True,2716,935
True,False,2717,935
False,True,2718,936
True,True,2719,937
True,True,2720,937
False,True,2721,938
False,True,2722,938
False,True,2723,938
False,True,2724,938
True,False,2071,939
True,False,537,939
True,True,763,940
False,True,2725,940
False,True,2726,940
False,True,2727,941
False,True,2728,941
False,True,2729,941
False,True,2730,941
False,True,2731,941
False,True,2732,941
True,True,191,942
False,True,2733,942
False,True,2734,942
False,True,2735,942
False,True,2736,942
False,True,2737,942
True,True,421,943
True,True,2738,943
True,True,1170,943
True,False,24,943
False,False,2739,944
False,True,2740,944
False,False,2741,944
False,False,2742,944
False,True,2743,944
False,True,2744,944
False,True,2745,945
False,True,2746,945
False,True,2747,945
False,True,2748,946
False,True,2749,946
False,True,2750,946
False,True,2751,946
False,True,2752,947
False,True,2753,947
False,True,2754,947
False,True,2755,947
False,True,2756,947
False,True,2757,947
False,True,2758,949
False,True,2759,949
False,True,2760,949
False,True,2761,949
False,True,2762,951
False,True,2763,951
True,False,2764,952
True,False,1911,952
True,False,2765,952
True,False,2766,952
False,True,2767,953
False,True,2768,953
False,True,2769,953
False,True,2770,953
False,True,2771,953
False,True,2772,954
False,True,2773,955
False,True,2774,955
False,True,2775,955
False,True,2776,955
False,True,2777,956
True,False,421,956
False,True,2778,956
False,True,2779,957
False,True,2780,957
False,True,2781,957
False,True,2782,957
False,True,2783,957
False,True,2784,957
False,True,2785,958
False,True,2786,958
False,True,2787,959
False,True,2788,959
False,True,2789,959
False,True,2790,959
False,True,2791,960
False,True,2792,960
False,True,2793,960
False,True,2794,960
False,True,2795,961
False,True,2796,961
False,True,2797,961
False,True,2798,962
False,True,2799,962
False,True,2800,962
False,True,2801,962
False,True,2802,962
False,True,2803,963
False,True,2804,964
True,False,2805,964
False,True,2806,964
True,False,2600,964
False,True,2807,965
True,True,2808,965
False,True,2809,965
False,True,2810,965
False,True,2811,965
False,True,2812,966
False,True,2813,966
True,True,2814,966
False,True,2815,968
False,True,2816,968
False,True,2817,968
True,True,2818,968
False,True,2819,969
False,True,2820,969
False,True,2821,969
False,True,2822,969
False,True,2823,969
False,True,2824,970
False,True,2825,970
False,True,2826,970
False,True,2827,970
False,True,2828,970
False,True,2829,970
True,True,2830,971
False,True,2831,971
False,True,2832,971
False,True,2833,971
False,True,2834,971
False,True,2835,972
False,True,2836,972
True,False,2837,973
True,True,2838,973
False,True,2839,973
False,True,2840,973
False,True,2841,974
False,True,2842,974
False,True,2843,974
False,True,2844,974
False,True,2845,974
True,False,2846,975
True,False,215,975
False,True,2847,976
False,True,2848,976
False,True,2849,976
False,True,2850,976
False,True,2851,976
False,True,2852,977
False,True,2853,977
False,True,2854,977
False,True,2855,977
False,True,2856,977
False,True,2231,978
False,True,2857,978
False,True,2858,978
False,True,2859,978
False,True,2860,978
False,True,2861,978
False,True,2862,979
False,True,2863,979
False,True,2864,979
False,True,2865,980
False,True,2866,981
False,True,2867,981
False,True,2868,981
False,True,2869,981
False,True,2870,981
False,True,2871,982
False,True,2872,982
False,True,2873,982
False,True,2874,982
False,True,2875,982
False,True,2876,982
False,True,2877,983
False,True,2878,984
False,True,2879,984
False,True,2880,985
True,False,62,986
False,True,2881,986
False,True,2882,987
True,True,2883,987
True,True,2884,988
True,False,2049,989
False,True,2885,990
False,True,2886,990
False,True,2887,990
False,True,2888,992
False,True,2889,992
False,True,2890,992
False,True,2891,992
False,True,2892,992
False,True,2893,993
True,False,63,993
False,True,2894,993
False,True,2895,994
True,False,2896,995
False,True,2897,995
False,True,2898,996
False,True,2899,996
False,True,2900,996
False,True,2901,996
False,True,2902,996
False,True,2903,997
False,True,2904,997
False,True,2905,997
False,False,2906,998
False,True,2907,998
False,True,2908,998
False,True,2909,998
False,True,2910,998
False,True,2911,999
False,True,2912,999
False,True,2913,999
True,False,931,1002
False,True,2914,1002
False,True,2915,1002
False,True,2916,1004
False,True,2917,1004
False,True,2918,1006
True,True,2919,1006
True,True,2920,1006
True,True,2921,1006
False,True,2922,1007
False,True,2923,1007
False,True,2924,1007
False,True,2925,1007
False,True,2926,1007
False,True,2927,1008
False,True,2928,1008
False,True,2929,1008
False,True,2930,1008
False,True,2931,1008
False,True,2932,1008
False,True,2933,1009
False,True,2934,1009
False,True,2935,1010
False,True,2936,1011
False,True,2937,1011
True,True,2938,1012
False,True,2939,1012
False,True,2940,1012
True,True,2426,1014
True,True,2941,1014
False,True,2942,1014
True,True,2943,1014
False,True,2944,1015
True,False,2945,1016
False,True,2946,1017
False,True,2947,1017
True,True,1170,1017
True,True,2948,1018
False,True,2949,1018
True,True,2950,1018
False,True,2951,1018
False,True,2952,1019
False,True,2953,1019
